,"Below are the specific tasks and activities that MGRC expects from the potential MSP by application area.

Please provide details in the comments section, as needed. We realize that not every MSP will be able to provide all the services listed below, but we highly encourage you to respond regardless, especially on areas that  you have expertise, capabilities, and able to support. 
If you are unable to provide these services please indicate ""Not Provided"" in the MSP Comments section. If only partially provided, provide details in MSP Comments section. Separate and more detailed proposals are expected as supplemental to this information.",,,,,,,,,,,,,,
,Definitions,,"MSP Owned: MGRC fully expects that the MSP will be primarily responsible for these assigned tasks and activities. MGRC will look to the MSP as  experts in these areas.
   Shared Responsibility: Responsibility for the service is jointly managed by the MSP and MGRC, with clearly defined roles and shared accountability for performance and results. Responsibility splits will be defined at a later time in the SOW. 
   Augmented by MSP: MGRC retains ownership and accountability for the service, while the MSP provides flexible capacity or specialized expertise to handle spikes and dips in workload under MGRC’s direction. Responsibility splits will be defined at a later time in the SOW.
   MGRC Owned: MGRC will fully managed and be primarily responsible for these tasks and activities. This will be out of scope for the MSP.",,,,,,,,,,,,
,McGrath Requirements,,,,,,,Provider Response,,,,,,,
,Solution,Category,Specific Requirements,MSP Owned,Shared,MSP Augmented,"MGRC 
Owned",Decline to Bid,Bid As Specified,Bid As Modified,MSP Comments,Solution,,,
,"Salesforce
CRM, CPQ, CLM and integrations with Avalara, DocuSign, D&B, Zilliant, and others. Particular focus on management of new Contract, Order, and Amendments released with NextGen Release 1.",Administration & Configuration,"Provide comprehensive administration and configuration services to support stable, secure, and business‑aligned platform operations. This includes user, role, profile, and permission management; permission sets and access governance; page layouts and user interface configurations; declarative automation such as flows and workflows; validation rules; approval processes; and ongoing environment management across all supported modules and environments. Services must ensure alignment with documented business rules, operational policies, and governance standards. Support day‑to‑day administrative requests, configuration changes, access provisioning/deprovisioning, and issue resolution to maintain system integrity, usability, and compliance. Single Sign‑On (SSO) and identity federation support may vary by tool and identity provider and shall be handled in accordance with each platform’s supported authentication model.",False,True,False,False,False,False,False,,Salesforce,,,
,,Incident & Error Management,"Triage, troubleshooting, root‑cause analysis, and resolution of functional, configuration, connectivity, data-flow exceptions and API/integration issues across modules and related components. As needed, manage SR process with solution provider.",False,True,False,False,,False,False,,,,,
,,Release & Deployment Management,"Review, impact assessment of periodic releases, regression testing, resolution of functional, configuration, and integration issues across all modules, configuration documentation updates, deployment support and coordination, environment & sandbox refresh coordination, knowledge transfer.",False,True,False,False,,False,False,,,,,
,,Patch & Maintenance Management,"Continuous monitoring and identification, automation and deployment, patching of instances, and supporting services; regression testing and validation, resolution of issues. Coordination of maintenance windows and environment updates.",False,True,False,False,,False,False,,,,,
,,Operational Day-to-Day,"Deliver ongoing day‑to‑day operational support to ensure platform stability and business continuity, including service request fulfillment, minor enhancements, configuration updates, data fixes, and user support.",False,True,False,False,,False,False,,,,,
,,Integration & Connectivity Support,"Monitoring and error handling for integrations with DocuSign, D&B, Zilliant, and other connected systems; coordination with middleware teams for API and data‑flow issues.",False,True,False,False,,False,False,,,,,
,,Performance & Health Monitoring & Optimization,"Proactive checks on automation, scheduled processes, data loads and quality, governor limits, SLA accounting, cross-module dependencies to ensure optimal system stability and performance; recommendations to improve stability and scalability.",True,False,False,False,,False,False,,,,,
,,Security & Compliance,"Identify and Access Management (IAM) and role governance, segregation-of-duties reviews, audit support, field‑level security reviews, permission hygiene, network security, security hardening, vulnerability management, and adherence to internal security and compliance standards. Certificate/key rotation as applicable. OAuth/JWT configuration as needed. Comply with MGRC's defined Change Management controls.",False,True,False,False,,False,False,,,,,
,,Data Management,"Data imports/exports, cleansing, deduplication, validation, and support for migration or M&A onboarding activities. Reconcile data across systems and monitor data integrity. Master data management support.",False,True,False,False,,False,False,,,,,
,,Cost & Capacity Management,"Monitoring licensing usage to identify unused, underutilized or duplicate licenses to reduce expenditures. Support solution renewal negotiations. Support predictive cost analysis for budgeting and forecasting. Support capacity planning and optimization.",False,False,True,False,,False,False,,,,,
,,"Development, Enhancement & Optimization","Provide ongoing development, enhancement, and optimization to improve technical and business processes across supported platforms, including automation, configuration refinement, support of platform features and custom components, reusable assets, and adherence to best practices. Services also include optimizing analytics, dashboards, KPIs, and reporting, and delivering recommendations to improve usability, efficiency, scalability, and operational effectiveness, prioritized against business objectives and delivered through governed, repeatable approaches.",False,True,False,False,,False,False,,,,,
,,Disaster Recovery & Backup Support,"Risk assessment, establish and support Recovery Time Objectives (RTO) and Recovery Point Objectives (RPO), develop Disaster Recovery Plan (RDP) with procredures, ensure automated backups with comprehensive data capture and secure storage, conduct and support periodic (minimally annually) drill simulations to comply to RTO and RPO.",False,True,False,False,,False,False,,,,,
,,Documentation & Knowledge Management,"Preparation, revision and maintenance and knowledge transfer support and management of SOPs, configuration logs, runbooks, and knowledge articles for ongoing operations.",True,False,False,False,,False,False,,,,,
,,Collaboration & Governance,"Regular reporting, roadmap alignment, and close coordination with internal IT, business stakeholders, and module owners.",True,False,False,False,,False,False,,,,,
,RecVue,Administration & Configuration,"Provide comprehensive administration and configuration services to support stable, secure, and business‑aligned platform operations. This includes user, role, profile, and permission management; permission sets and access governance; page layouts and user interface configurations; declarative automation such as flows and workflows; validation rules; approval processes; and ongoing environment management across all supported modules and environments. Services must ensure alignment with documented business rules, operational policies, and governance standards. Support day‑to‑day administrative requests, configuration changes, access provisioning/deprovisioning, and issue resolution to maintain system integrity, usability, and compliance. Single Sign‑On (SSO) and identity federation support may vary by tool and identity provider and shall be handled in accordance with each platform’s supported authentication model.",False,True,False,False,False,False,False,,RecVue,,,
,,Day to Day Operations,"Deliver ongoing day‑to‑day operational support to ensure platform stability and business continuity, including service request fulfillment, minor enhancements, configuration updates, data fixes, and user support. Billing and revenue cycle execution — running billing cycles, validating invoices, handling exceptions, supporting revenue schedules, and managing contract changes.",True,False,False,False,,False,False,,,,,
,,Incident & Error Management,"Triage, troubleshooting, root‑cause analysis, and resolution of functional, configuration and API/integration issues across modules and related components. Integration operations — monitoring and fixing issues with ERP, CRM, CPQ, tax, usage, and payment integrations; managing API failures and data ingestion errors.As needed, manage SR process with solution provider.",False,True,False,False,,False,False,,,,,
,,Release & Deployment Management,"Review, impact assessment of periodic releases, regression testing, resolution of functional, configuration, and integration issues across all modules, configuration documentation updates, deployment support and coordination, environment & sandbox refresh coordination, knowledge transfer.",True,False,False,False,,False,False,,,,,
,,Patch & Maintenance Management,"Continuous monitoring and identification, automation and deployment, patching of instances, and supporting services; regression testing and validation, resolution of issues. Coordination of maintenance windows and environment updates.",True,False,False,False,,False,False,,,,,
,,Integration & Connectivity Support,"Monitoring and error handling for integrations with  ERP, CRM, CPQ, tax, usage, and payment integrations; managing API failures and data ingestion errors., and other connected systems; coordination with middleware teams for API and data‑flow issues.",False,True,False,False,,False,False,,,,,
,,Performance & Health Monitoring & Optimization,"Proactive checks on automation, scheduled processes, data loads and quality, governor limits, SLA accounting, cross-module dependencies to ensure optimal system stability and performance; recommendations to improve stability and scalability.",True,False,False,False,,False,False,,,,,
,,Security & Compliance,"Identify and Access Management (IAM) and role governance, segregation-of-duties reviews, audit support, field‑level security reviews, permission hygiene, network security, security hardening, vulnerability management, and adherence to internal security and compliance standards. Certificate/key rotation as applicable. OAuth/JWT configuration as needed. Comply with MGRC's defined Change Management controls.",False,True,False,False,,False,False,,,,,
,,Data Management,"Data imports/exports, cleansing, deduplication, validation, and support for migration or M&A onboarding activities. Reconcile data across systems and monitor data integrity. Master data management support.",False,True,False,False,,False,False,,,,,
,,Reporting,"Produce, update, troubleshoot and manage operational and financial reports.",True,False,False,False,,False,False,,,,,
,,Cost & Capacity Management,"Monitoring licensing usage to identify unused, underutilized or duplicate licenses to reduce expenditures. Support solution renewal negotiations. Support predictive cost analysis for budgeting and forecasting. Support capacity planning and optimization.",False,True,False,False,,False,False,,,,,
,,"Development, Enhancement & Optimization","Provide ongoing development, enhancement, and optimization to improve technical and business processes across supported platforms, including automation, configuration refinement, support of platform features and custom components, reusable assets, and adherence to best practices. Services also include optimizing analytics, dashboards, KPIs, and reporting, and delivering recommendations to improve usability, efficiency, scalability, and operational effectiveness, prioritized against business objectives and delivered through governed, repeatable approaches.",True,False,False,False,,False,False,,,,,
,,Disaster Recovery & Backup Support,"Risk assessment, establish and support Recovery Time Objectives (RTO) and Recovery Point Objectives (RPO), develop Disaster Recovery Plan (RDP) with procredures, ensure automated backups with comprehensive data capture and secure storage, conduct and support periodic (minimally annually) drill simulations to comply to RTO and RPO.",True,False,False,False,,False,False,,,,,
,,Documentation & Knowledge Management,"Preparation, revision and maintenance and knowledge transfer support and management of SOPs, configuration logs, runbooks, and knowledge articles for ongoing operations.",True,False,False,False,,False,False,,,,,
,,Collaboration & Governance,"Regular reporting, roadmap alignment, and close coordination with internal IT, business stakeholders, and module owners.",True,False,False,False,,False,False,,,,,
,"Oracle Fusion (including FSM, EPBCS, ARCS and all NextGen Oracle Fusion modules)",Full Fusion Suite Deliverables,"Providers should indicate all supported modules included in MGRC NextGen suite and identify any exclusions or limitations. (e.g Finance, Procurement, Supply Chain, Projects (Aconex), Field Service Management, Enterprise Performance Management Software, ARCS, etc.)",False,True,False,False,False,False,False,,Oracle Fusion (+FSM),,,
,,Administration & Configuration,"Provide comprehensive administration and configuration services to support stable, secure, and business‑aligned platform operations. This includes user, role, profile, and permission management; permission sets and access governance; page layouts and user interface configurations; declarative automation such as flows and workflows; validation rules; approval processes; and ongoing environment management across all supported modules and environments. Services must ensure alignment with documented business rules, operational policies, and governance standards. Support day‑to‑day administrative requests, configuration changes, access provisioning/deprovisioning, and issue resolution to maintain system integrity, usability, and compliance. Single Sign‑On (SSO) and identity federation support may vary by tool and identity provider and shall be handled in accordance with each platform’s supported authentication model.",False,True,False,False,,False,False,,,,,
,,Incident & Error Management,"Triage, troubleshooting, root‑cause analysis, and resolution of functional, configuration, connectivity, data-flow exceptions and API/integration issues across modules and related components.As needed, manage SR process with solution provider.",False,True,False,False,,False,False,,,,,
,,Operational Day-to-Day,"Deliver ongoing day‑to‑day operational support to ensure platform stability and business continuity, including service request fulfillment, minor enhancements, configuration updates, data fixes, and user support.

MSP will provide the following:   

   -    End to end functional support across Finance, Procurement, Supply Chain, Manufacturing, Field Service Management and Order Management
   -    Master data maintenance (customers, suppliers, items, COA, org structures)
   -    Transaction processing support (orders, invoices, journals, POs, receipts, payments, work orders)
   -    Period‑close activities for GL, AP, AR, Inventory, Costing, and related modules
   -    Configuration updates, workflow adjustments, and SLA/accounting rule validation
   -    Issue triage, root cause analysis, and resolution across all Fusion modules
   -    Support for integrations (OIC, APIs, banks, tax engines, CRM/CPQ, WMS, planning systems)
   -    Testing for quarterly patches, enhancements, and regression cycles
   -    Documentation: BRDs, FSDs, test scripts, SOPs, and knowledge articles
   -    Data validation for migrations, conversions, and M&A onboarding
  - Business process support for planning, budgeting, forecastings, consolidation and close.

On demand tasks requested by MGRC which could include: 
(1) Advisory support and end user training on application-related issues 
(2) assist with complex error / application issues",False,True,False,False,,False,False,,,,,
,,Release & Deployment Management,"Review, impact assessment of periodic releases, regression testing, resolution of functional, configuration, and integration issues across all modules, configuration documentation updates, deployment support and coordination, environment & sandbox refresh coordination, knowledge transfer.",False,True,False,False,,False,False,,,,,
,,Patch & Maintenance Management,"Continuous monitoring and identification, automation and deployment, patching of instances, and supporting services; regression testing and validation, resolution of issues. Coordination of maintenance windows and environment updates.",False,True,False,False,,False,False,,,,,
,,Integration & Connectivity Support,"Monitoring and error handling for OIC, APIs, bank files, tax engines, CRM/CPQ, WMS, and other connected systems; coordination with integration and middleware teams.",True,False,False,False,,False,False,,,,,
,,Performance & Health Monitoring & Optimization,"Proactive checks on automation, scheduled processes, ESS jobs, data loads and quality, governor limits, SLA accounting, cross-module dependencies to ensure optimal system stability and performance; recommendations to improve stability and scalability.",True,False,False,False,,False,False,,,,,
,,Security & Compliance,"Identify and Access Management (IAM) and role governance, segregation-of-duties reviews, audit support, field‑level security reviews, permission hygiene, network security, security hardening, vulnerability management, and adherence to internal security, financial control standards, and compliance standards. Certificate/key rotation as applicable. OAuth/JWT configuration as needed. Comply with MGRC's defined Change Management controls.",False,True,False,False,,False,False,,,,,
,,Cost & Capacity Management,"Monitoring licensing usage to identify unused, underutilized or duplicate licenses to reduce expenditures. Support solution renewal negotiations. Support predictive cost analysis for budgeting and forecasting. Support capacity planning and optimization.",False,True,False,False,,False,False,,,,,
,,Data Management,"Data imports/exports, cleansing, deduplication, validation, and support for migration or M&A onboarding activities. Reconcile data across systems and monitor data integrity. Master data management support.",False,True,False,False,,False,False,,,,,
,,Disaster Recovery & Backup Support,"Risk assessment, establish and support Recovery Time Objectives (RTO) and Recovery Point Objectives (RPO), develop Disaster Recovery Plan (RDP) with procredures, ensure automated backups with comprehensive data capture and secure storage, conduct and support periodic (minimally annually) drill simulations to comply to RTO and RPO.",False,True,False,False,,False,False,,,,,
,,"Development, Enhancement & Optimization","Provide ongoing development, enhancement, and optimization to improve technical and business processes across supported platforms, including automation, configuration refinement, support of platform features and custom components, reusable assets, and adherence to best practices. Services also include optimizing analytics, dashboards, KPIs, and reporting, and delivering recommendations to improve usability, efficiency, scalability, and operational effectiveness, prioritized against business objectives and delivered through governed, repeatable approaches.",False,True,False,False,,False,False,,,,,
,,Documentation & Knowledge Management,"Preparation, revision and maintenance and knowledge transfer support and management of SOPs, configuration logs, runbooks, and knowledge articles for ongoing operations.",True,False,False,False,,False,False,,,,,
,,Collaboration & Governance,"Regular reporting, roadmap alignment, and close coordination with internal IT, business stakeholders, and module owners.",False,True,False,False,,False,False,,,,,
,Oracle Cloud Infrastructure (OCI),Operational Day-to-Day,"MSP will provide management and operational support for McGrath’s OCI environments and capacity management during US business hours. The MSP will implement and maintain OCI best practices across security, networking, identity, governance, and high availability.
Functional Support Services: Provide assistance to Customer personnel involved in the daily interaction with the Customer environments. All work activity will be at the request and direction of the MSP SDM or through the MSP Help Desk. Tasks also include researching and resolving problems, developing and documenting recommendations, communicating with the Customer on the progress of work activities, scheduling support-related meetings or conference calls, supporting day-to-day operations, and/or performing administrative task.

McGrath owns and manages its OCI tenancy, which currently hosts Autonomous Transaction Processing (ATP) databases, supporting services (such as FTP), and serves as the backend for our Oracle SaaS applications. Although our OCI footprint is relatively small, we lack deep in‑house operational expertise and are seeking an MSP to partner with us on day‑to‑day operations. The selected MSP will oversee operational management of the OCI tenancy, including security, cost management, performance monitoring, patching, connectivity support (including integrations with other cloud platforms such as Azure), and provisioning of new resources. All activities will be performed in close coordination with McGrath’s DevOps and Security teams. The total annual effort for this engagement is expected to be under 1,000 hours.",False,True,False,False,False,False,False,,Oracle Cloud Infrastructure (OCI),,,
,,Administration & Configuration,"Provisioning and managing compute, storage, networking, ATP databases, load balancers, and other OCI resources. As needed, installation, setup and ongoing maintnenace of base components. Implementation of automation for provisioning, monitoring, patching, and routine operational tasks. Provide comprehensive administration and configuration services to support stable, secure, and business‑aligned platform operations. This includes user, role, profile, and permission management; permission sets and access governance; page layouts and user interface configurations; declarative automation such as flows and workflows; validation rules; approval processes; and ongoing environment management across all supported modules and environments. Services must ensure alignment with documented business rules, operational policies, and governance standards. Support day‑to‑day administrative requests, configuration changes, access provisioning/deprovisioning, and issue resolution to maintain system integrity, usability, and compliance. Single Sign‑On (SSO) and identity federation support may vary by tool and identity provider and shall be handled in accordance with each platform’s supported authentication model.",False,True,False,False,,False,False,,,,,
,,Release & Deployment Management,"Review, impact assessment of periodic releases, regression testing, resolution of functional, configuration, and integration issues across all modules, configuration documentation updates, deployment support and coordination, environment & sandbox refresh coordination, knowledge transfer.",False,True,False,False,,False,False,,,,,
,,Patch & Maintenance Management,"Continuous monitoring and identification, automation and deployment, patching of instances, databases and supporting services; regression testing and validation, resolution of issues. Coordination of maintenance windows and environment updates.",True,False,False,False,,False,False,,,,,
,,Performance & Health Monitoring & Optimization,"Proactive checks on automation, scheduled processes, governor limits, dependencies to ensure optimal system stability and performance; recommendations to improve stability and scalability.Proactive tuning of compute, storage, networking, and database performance; recommendations to improve reliability and scalability.

Ongoing Management of Customer components: Services to include 
(1) Monitor the availability of selected Customer components using TCP/IP 
(2) Provide problem determination, problem resolution, or other technical assistance in an assist capacity as requested by Customer and 
(3) Perform quarterly scanning of router and/or switch Customer components to attempt to detect ports and services that may be vulnerable to intrusion. 

Services will include allocation by MSP of space, equipment and telecommunications capacity in Oracle’s cloud structure and specific activities in connection with the administration and support of the Customer’s server, application server, application software and/or database software.",True,False,False,False,,False,False,,,,,
,,General Suport,"Enhanced Tier I and Tier II Service Desk Support: On average, are estimated to take no longer than thirty (30) minutes to complete/resolve",False,False,False,False,,False,False,,,,,
,,Incident & Error Management,"Triage, troubleshooting, root‑cause analysis, and resolution of functional, configuration, connectivity, data-flow exceptions and API/integration issues across modules and related components. As needed, manage SR process with solution provider.",False,True,False,False,,False,False,,,,,
,,"Backup, DR & High Availability","Management of backups, recovery procedures, DR configuration, failover testing, and adherence to OCI resiliency best practices.",True,False,False,False,,False,False,,,,,
,,Security & Compliance,"Identify and Access Management (IAM) and role governance, segregation-of-duties reviews, audit support, field‑level security reviews, permission hygiene, network security, security hardening, vulnerability management, and adherence to internal security and compliance standards. Certificate/key rotation as applicable. OAuth/JWT configuration as needed. Comply with MGRC's defined Change Management controls.",True,False,False,False,,False,False,,,,,
,,Cost & Capacity Management,"Cost monitoring, tagging governance, rightsizing, forecasting, and recommendations to optimize cloud spend and resource utilization.",False,True,False,False,,False,False,,,,,
,,Integration & Connectivity Support,"Oversight of connectivity between OCI and other platforms (e.g., Azure), VPN/DRG management, and troubleshooting cross‑cloud integrations.",True,True,False,False,,False,False,,,,,
,,Disaster Recovery & Backup Support,"Disaster Recovery: Accomplishes the DR strategy setup by configuring infrastructure in a distinct Oracle availability domain and/or MGRCs non-production environment unless otherwise specifically noted in applicable Ordering Document and any attached addendum(s). In the event of a disaster the DR environment for the respective production environment will be activated to a state in which users can access DR as the production environment. Any log files that can be applied will be done so to minimize the data loss.Risk assessment, establish and support Recovery Time Objectives (RTO) and Recovery Point Objectives (RPO), develop Disaster Recovery Plan (RDP) with procredures, ensure automated backups with comprehensive data capture and secure storage, conduct and support periodic (minimally annually) drill simulations to comply to RTO and RPO.",True,False,False,False,,False,False,,,,,
,,"Development, Enhancement & Optimization","Development Support Services: Provide assistance to Customer personnel involved in the daily interaction with the Customer environments. Provide ongoing development, enhancement, and optimization to improve technical processes across supported platforms, including automation, configuration refinement, support of platform features and custom components, reusable assets, and adherence to best practices. Services also include optimizing analytics, dashboards, KPIs, and reporting, and delivering recommendations to improve usability, efficiency, scalability, and operational effectiveness, prioritized against business objectives and delivered through governed, repeatable approaches. Oracle Testing Services: Provided based upon the scope outlined in the applicable Ordering Document(s) to address Oracle Applications e-Business Suite setup and/or regression testing.",False,True,False,False,,False,False,,,,,
,,Documentation & Knowledge Management,"Preparation, revision and maintenance and knowledge transfer support and management of SOPs, configuration logs, runbooks, and knowledge articles for ongoing operations.",True,False,False,False,,False,False,,,,,
,,Collaboration & Governance,"Regular reporting, roadmap alignment, and close coordination with internal IT, business stakeholders, and module owners.",False,True,False,False,,False,False,,,,,
,"Avalara
Tax Calculation Software for Salesforce, STAR and RecVue.",Environment Administration,"Provide ongoing development, enhancement, and optimization to improve technical and business processes across supported platforms, including automation, configuration refinement, support of platform features and custom components, reusable assets, and adherence to best practices. Services also include optimizing analytics, dashboards, KPIs, and reporting, and delivering recommendations to improve usability, efficiency, scalability, and operational effectiveness, prioritized against business objectives and delivered through governed, repeatable approaches.",False,True,False,False,,False,False,,Oracle Cloud Infrastructure (OCI),,,
,,Administration & Configuration,"Provide comprehensive administration and configuration services to support stable, secure, and business‑aligned platform operations. This includes user, role, profile, and permission management; permission sets and access governance; page layouts and user interface configurations; declarative automation such as flows and workflows; validation rules; approval processes; and ongoing environment management across all supported modules and environments. Services must ensure alignment with documented business rules, operational policies, and governance standards. Support day‑to‑day administrative requests, configuration changes, access provisioning/deprovisioning, and issue resolution to maintain system integrity, usability, and compliance. Single Sign‑On (SSO) and identity federation support may vary by tool and identity provider and shall be handled in accordance with each platform’s supported authentication model.",True,False,False,False,,False,False,,,,,
,,Release & Deployment Management,"Review, impact assessment of periodic releases, regression testing, resolution of functional, configuration, and integration issues across all modules, configuration documentation updates, deployment support and coordination, environment & sandbox refresh coordination, knowledge transfer.",False,True,False,False,,False,False,,,,,
,,Patch & Maintenance Management,"Continuous monitoring and identification, automation and deployment, patching of instances, databases and supporting services; regression testing and validation, resolution of issues. Coordination of maintenance windows and environment updates. Troubleshooting with issues related to Oracle patches.",True,False,False,False,,False,False,,,,,
,,Performance & Health Monitoring & Optimization,"Proactive checks on automation, scheduled processes, governor limits, dependencies to ensure optimal system stability and performance; recommendations to improve stability and scalability. Proactive tuning of compute, storage, networking, and database performance; recommendations to improve reliability and scalability.",True,False,False,False,,False,False,,,,,
,,Incident & Error Management,"Triage, troubleshooting, root‑cause analysis, and resolution of functional, configuration and API/integration issues across modules and related components. Troubleshooting issues related to Avalara Global Unified Platform and monthly data updates. As needed, manage SR process with solution provider.",True,False,False,False,,False,False,,,,,
,,"Backup, DR & High Availability","Management of backups, recovery procedures, DR configuration, failover testing, and adherence to resiliency best practices.",True,True,False,False,,False,False,,,,,
,,Security & Compliance,"Identify and Access Management (IAM) and role governance, segregation-of-duties reviews, audit support, field‑level security reviews, permission hygiene, network security, security hardening, vulnerability management, and adherence to internal security and compliance standards. Certificate/key rotation as applicable. OAuth/JWT configuration as needed. Comply with MGRC's defined Change Management controls.",True,False,False,False,,False,False,,,,,
,,Data Management,"Data imports/exports, cleansing, deduplication, validation, and support for migration or M&A onboarding activities. Reconcile data across systems and monitor data integrity. Master data management support.",False,False,False,False,,False,False,,,,,
,,Cost & Capacity Management,"Monitoring licensing usage to identify unused, underutilized or duplicate licenses to reduce expenditures. Support solution renewal negotiations. Support predictive cost analysis for budgeting and forecasting. Support capacity planning and optimization.",False,True,False,False,,False,False,,,,,
,,Integration & Connectivity Support,"Oversight of connectivity between Avalara and other platforms (e.g., Azure), Salesforce, NexSTAR and Avalara, VPN/DRG management, and troubleshooting cross‑cloud integrations. Product defects or changes in API behavior.",False,True,False,False,,False,False,,,,,
,,Disaster Recovery & Backup Support,"Risk assessment, establish and support Recovery Time Objectives (RTO) and Recovery Point Objectives (RPO), develop Disaster Recovery Plan (RDP) with procredures, ensure automated backups with comprehensive data capture and secure storage, conduct and support periodic (minimally annually) drill simulations to comply to RTO and RPO.",False,True,False,False,,False,False,,,,,
,,"Development, Enhancement & Optimization","Provide ongoing development, enhancement, and optimization to improve technical and business processes across supported platforms, including automation, configuration refinement, support of platform features and custom components, reusable assets, and adherence to best practices. Services also include optimizing analytics, dashboards, KPIs, and reporting, and delivering recommendations to improve usability, efficiency, scalability, and operational effectiveness, prioritized against business objectives and delivered through governed, repeatable approaches. 
Specific to Avalara:  Support complex tax calculation issues, nexus or jurisdiction related issues. Assist in setting up new tax scenarios such as new states, product categories or transaction types.",False,True,False,False,,False,False,,,,,
,,Automation & Operational Efficiency,"Implementation of automation for provisioning, monitoring, patching, and routine operational tasks. Support Tax Exemption certificate related issues.",True,False,False,False,,False,False,,,,,
,,Documentation & Knowledge Management,"Preparation, revision and maintenance and knowledge transfer support and management of SOPs, configuration logs, runbooks, and knowledge articles for ongoing operations.",True,False,False,False,,False,False,,,,,
,,Collaboration & Governance,"Regular reporting, roadmap alignment, and close coordination with internal IT, business stakeholders, and module owners.",False,True,False,False,,False,False,,,,,
,"NexSTAR
STAR is the ERP system used by TRS-RenTelco and supports from customer creation to Quote to Invoicing functionality.  (Custom Application)",Administration & Configuration,"Provide comprehensive administration and configuration services to support stable, secure, and business‑aligned platform operations. This includes user, role, profile, and permission management; permission sets and access governance; page layouts and user interface configurations; declarative automation such as flows and workflows; validation rules; approval processes; and ongoing environment management across all supported modules and environments. Services must ensure alignment with documented business rules, operational policies, and governance standards. Support day‑to‑day administrative requests, configuration changes, access provisioning/deprovisioning, and issue resolution to maintain system integrity, usability, and compliance. Single Sign‑On (SSO) and identity federation support may vary by tool and identity provider and shall be handled in accordance with each platform’s supported authentication model.",False,True,False,False,False,False,False,,"NexSTAR
STAR is the ERP system used by TRS-RenTelco and supports from customer creation to Quote to Invoicing functionality.  (Custom Application)",,,
,,General,"As an Azure-hosted, internet-facing ERP built on a modern technology stack, MSP will be responsible for reliability, security hardening, vulnerability management, patching, backup and disaster recovery, and timely remediation of risks following Azure best practices. Support also includes cost optimization, capacity planning, support for upgrades and enhancements, and ensuring high availability, data protection, and compliance with internal security standards. Provide 24x7 end-to-end application and platform support for NexSTAR.",True,False,False,False,,False,False,,,,,
,,Incident & Error Management,"Triage, troubleshooting, root‑cause analysis, and resolution of functional, configuration, connectivity, data-flow exceptions and API/integration issues across modules and related components. As needed, manage SR process with solution provider.",False,True,False,False,,False,False,,,,,
,,Release & Deployment Management,"Review, impact assessment of periodic releases, regression testing, resolution of functional, configuration, and integration issues across all modules, configuration documentation updates, deployment support and coordination, environment & sandbox refresh coordination, knowledge transfer.",False,True,False,False,,False,False,,,,,
,,Patch & Maintenance Management,"Continuous monitoring and identification, automation and deployment, patching of instances, and supporting services; regression testing and validation, resolution of issues. Coordination of maintenance windows and environment updates.",False,True,False,False,,False,False,,,,,
,,Integration & Connectivity Support,"Monitoring and error handling for integrations with OracleCRM, eSign or DocuSign and other connected systems; coordination with middleware teams for API and data‑flow issues.",False,True,False,False,,False,False,,,,,
,,Performance & Health Monitoring & Optimization,"Proactive checks on automation, scheduled processes, data loads and quality, governor limits, SLA accounting, cross-module dependencies to ensure optimal system stability and performance; recommendations to improve stability and scalability.",True,False,False,False,,False,False,,,,,
,,Security & Compliance,"Identify and Access Management (IAM) and role governance, segregation-of-duties reviews, audit support, field‑level security reviews, permission hygiene, network security, security hardening, vulnerability management, and adherence to internal security and compliance standards. Certificate/key rotation as applicable. OAuth/JWT configuration as needed. Comply with MGRC's defined Change Management controls.",False,True,False,False,,False,False,,,,,
,,Data Management,"Data imports/exports, cleansing, deduplication, validation, and support for migration or M&A onboarding activities. Reconcile data across systems and monitor data integrity. Master data management support.",False,True,False,False,,False,False,,,,,
,,Cost & Capacity Management,"Cost monitoring, tagging governance, rightsizing, forecasting, and recommendations to optimize cloud spend and resource utilization.",False,True,False,False,,False,False,,,,,
,,"Development, Enhancement & Optimization","Provide ongoing development, enhancement, and optimization to improve technical and business processes across supported platforms, including automation, configuration refinement, support of platform features and custom components, reusable assets, and adherence to best practices. Services also include optimizing analytics, dashboards, KPIs, and reporting, and delivering recommendations to improve usability, efficiency, scalability, and operational effectiveness, prioritized against business objectives and delivered through governed, repeatable approaches.",False,True,False,False,,False,False,,,,,
,,Disaster Recovery & Backup Support,"Risk assessment, establish and support Recovery Time Objectives (RTO) and Recovery Point Objectives (RPO), develop Disaster Recovery Plan (RDP) with procredures, ensure automated backups with comprehensive data capture and secure storage, conduct and support periodic (minimally annually) drill simulations to comply to RTO and RPO.",False,True,False,False,,False,False,,,,,
,,Documentation & Knowledge Management,"Preparation, revision and maintenance and knowledge transfer support and management of SOPs, configuration logs, runbooks, and knowledge articles for ongoing operations.",True,False,False,False,,False,False,,,,,
,,Collaboration & Governance,"Regular reporting, roadmap alignment, and close coordination with internal IT, business stakeholders, and module owners.",True,False,False,False,,False,False,,,,,
,Integration Platforms (OIC),Integration Administration,"Monitoring, managing, and optimizing integrations, APIs, and orchestrations across OIC and MuleSoft platforms.",True,False,False,False,False,False,False,,Integration Platforms (OIC),,,
,,Administration & Configuration,"Provide comprehensive administration and configuration services to support stable, secure, and business‑aligned platform operations. This includes user, role, profile, and permission management; permission sets and access governance; page layouts and user interface configurations; declarative automation such as flows and workflows; validation rules; approval processes; and ongoing environment management across all supported modules and environments. Services must ensure alignment with documented business rules, operational policies, and governance standards. Support day‑to‑day administrative requests, configuration changes, access provisioning/deprovisioning, and issue resolution to maintain system integrity, usability, and compliance. Single Sign‑On (SSO) and identity federation support may vary by tool and identity provider and shall be handled in accordance with each platform’s supported authentication model.",False,True,False,False,,False,False,,,,,
,,Performance & Health Monitoring & Optimization,"Proactive checks on automation, scheduled processes, governor limits, integration runtimes, queues, throughput and latency; dependencies to ensure optimal system stability and performance; tuning recommendations to improve stability and scalability.",True,False,False,False,,False,False,,,,,
,,Incident & Error Management,"Triage, troubleshooting integration failures, managing connectors, root‑cause analysis, and resolution of functional, configuration, connectivity issues, data-flow excpetions, and API/integration issues across modules and related components. As needed, manage SR process with solution provider.",False,False,False,False,,False,False,,,,,
,,Release & Deployment Management,"Review, impact assessment of periodic releases, regression testing, resolution of functional, configuration, and integration issues across all modules, configuration documentation updates, deployment support and coordination, environment & sandbox refresh coordination, knowledge transfer. Promotion of integrations across environments, version control, regression testing, and coordination of release cycles. Support version upgrades.",False,True,False,False,,False,False,,,,,
,,Patch & Maintenance Management,"Continuous monitoring and identification, automation and deployment, patching of instances, and supporting services; regression testing and validation, resolution of issues. Coordination of maintenance windows and environment updates.",False,True,False,False,,False,False,,,,,
,,API Management,"Governance, policy enforcement, rate limiting, security configuration, and lifecycle management for APIs published through OIC and MuleSoft.",False,True,False,False,,False,False,,,,,
,,Connectivity & Adapter  Support,"Configuration and maintenance of adapters/connectors for Oracle Fusion, Salesforce, databases, FTP/SFTP, REST/SOAP services, and third‑party systems.",False,True,False,False,,False,False,,,,,
,,Security & Compliance,"Identify and Access Management (IAM) and role governance, segregation-of-duties reviews, audit support, field‑level security reviews, permission hygiene, network security, security hardening, vulnerability management, and adherence to internal security and compliance standards. Certificate/key rotation as applicable. OAuth/JWT configuration as needed. Comply with MGRC's defined Change Management controls.",True,False,False,False,,False,False,,,,,
,,Disaster Recovery & Backup Support,"Risk assessment, establish and support Recovery Time Objectives (RTO) and Recovery Point Objectives (RPO), develop Disaster Recovery Plan (RDP) with procredures, ensure automated backups with comprehensive data capture and secure storage, conduct and support periodic (minimally annually) drill simulations to comply to RTO and RPO.",False,True,False,False,,False,False,,,,,
,,"Development, Enhancement & Optimization","Provide ongoing development, enhancement, optimization, and operational support focused on platform integrations. Services include development, deployment, monitoring, and troubleshooting of integrations built on or connected to supported platforms; identification and implementation of automation opportunities; configuration refinement; creation of reusable assets; and adherence to integration and platform best practices. The MSP will deliver continuous improvement and actionable recommendations to enhance reliability, usability, efficiency, scalability, and operational effectiveness, with all work prioritized against business objectives and delivered through governed, repeatable approaches.",False,True,False,False,,False,False,,,,,
,,Documentation & Knowledge Management,"Preparation, revision and maintenance and knowledge transfer support and management of integration catalogs, SOPs, mapping documentation, configuration logs, runbooks, and knowledge articles for ongoing operations.",False,True,False,False,,False,False,,,,,
,,Collaboration & Governance,"Regular reporting, roadmap alignment, and close coordination with internal IT, business stakeholders, and module owners.",False,True,False,False,,False,False,,,,,
,Integration Platforms (MuleSoft),Integration Administration & API Management,"Monitoring, managing, and optimizing integrations, APIs, and orchestrations across OIC and MuleSoft platforms. Governance, policy enforcement, rate limiting, security configuration, and lifecycle management for APIs published through OIC and MuleSoft.",True,False,False,False,,False,False,,Integration Platforms (MuleSoft),,,
,,Administration & Configuration,"Provide comprehensive administration and configuration services to support stable, secure, and business‑aligned platform operations. This includes user, role, profile, and permission management; permission sets and access governance; page layouts and user interface configurations; declarative automation such as flows and workflows; validation rules; approval processes; and ongoing environment management across all supported modules and environments. Services must ensure alignment with documented business rules, operational policies, and governance standards. Support day‑to‑day administrative requests, configuration changes, access provisioning/deprovisioning, and issue resolution to maintain system integrity, usability, and compliance. Single Sign‑On (SSO) and identity federation support may vary by tool and identity provider and shall be handled in accordance with each platform’s supported authentication model.",False,True,False,False,,False,False,,,,,
,,Performance & Health Monitoring & Optimization,"Proactive checks on automation, scheduled processes, governor limits, integration runtimes, queues, throughput and latency; dependencies to ensure optimal system stability and performance; tuning recommendations to improve stability and scalability.",True,False,False,False,,False,False,,,,,
,,Incident & Error Management,"Triage, troubleshooting integration failures, managing connectors, root‑cause analysis, and resolution of functional, configuration, connectivity issues, data-flow excpetions, and API/integration issues across modules and related components. As needed, manage SR process with solution provider.",False,True,False,False,,False,False,,,,,
,,Release & Deployment Management,"Review, impact assessment of periodic releases, regression testing, resolution of functional, configuration, and integration issues across all modules, configuration documentation updates, deployment support and coordination, environment & sandbox refresh coordination, knowledge transfer. Promotion of integrations across environments, version control, regression testing, and coordination of release cycles. Support version upgrades.",False,True,False,False,,False,False,,,,,
,,Patch & Maintenance Management,"Continuous monitoring and identification, automation and deployment, patching of instances, and supporting services; regression testing and validation, resolution of issues. Coordination of maintenance windows and environment updates.",False,True,False,False,,False,False,,,,,
,,Connectivity & Adapter  Support,"Configuration and maintenance of adapters/connectors for Oracle Fusion, Salesforce, databases, FTP/SFTP, REST/SOAP services, and third‑party systems.",False,True,False,False,,False,False,,,,,
,,Security & Compliance,"Identify and Access Management (IAM) and role governance, segregation-of-duties reviews, audit support, field‑level security reviews, permission hygiene, network security, security hardening, vulnerability management, and adherence to internal security and compliance standards. Certificate/key rotation as applicable. OAuth/JWT configuration as needed. Comply with MGRC's defined Change Management controls.",True,False,False,False,,False,False,,,,,
,,Disaster Recovery & Backup Support,"Risk assessment, establish and support Recovery Time Objectives (RTO) and Recovery Point Objectives (RPO), develop Disaster Recovery Plan (RDP) with procredures, ensure automated backups with comprehensive data capture and secure storage, conduct and support periodic (minimally annually) drill simulations to comply to RTO and RPO.",False,True,False,False,,False,False,,,,,
,,"Development, Enhancement & Optimization","Provide ongoing development, enhancement, optimization, and operational support focused on platform integrations. Services include development, deployment, monitoring, and troubleshooting of integrations built on or connected to supported platforms; identification and implementation of automation opportunities; configuration refinement; creation of reusable assets; and adherence to integration and platform best practices. The MSP will deliver continuous improvement and actionable recommendations to enhance reliability, usability, efficiency, scalability, and operational effectiveness, with all work prioritized against business objectives and delivered through governed, repeatable approaches.",False,False,True,False,,False,False,,,,,
,,Documentation & Knowledge Management,"Preparation, revision and maintenance and knowledge transfer support and management of integration catalogs, SOPs, mapping documentation, configuration logs, runbooks, and knowledge articles for ongoing operations.",False,True,False,False,,False,False,,,,,
,,Collaboration & Governance,"Regular reporting, roadmap alignment, and close coordination with internal IT, business stakeholders, and module owners.",False,True,False,False,,False,False,,,,,
,"Oracle Fusion BI Tools (FRS, OTBI, and BI Publisher)",Report Administration & Maintenance,"Support for creating, modifying, and maintaining reports and dashboards across FRS, OTBI, and BI Publisher and dashboard reporting acitivities. Report ownership remains with the McGrath BI team. Perform work in compliance with McGrath standards and practices, with a focus on data accuracy and perofrmance optimization. Provide operational and financial reporting support as directed.",False,True,False,False,,False,False,,"Oracle Fusion BI Tools (FRS, OTBI, and BI Publisher)",,,
,,Operational Day-to-Day,"MSP will provide task-based, collaborative support to the McGrath BI team for assigned FRS, OTBI, BI Publisher, and dashboard reporting activities. Report ownership remains with the McGrath BI team. Due to the complexity and domain knowledge required, work must be performed by named MSP resources following McGrath standards, with a focus on data accuracy, performance optimization, and operational and financial reporting support as directed.",False,True,False,False,,False,False,,,,,
,,Administration & Configuration,"Provide comprehensive administration and configuration services to support stable, secure, and business‑aligned platform operations. This includes user, role, profile, and permission management; permission sets and access governance; page layouts and user interface configurations; declarative automation such as flows and workflows; validation rules; approval processes; and ongoing environment management across all supported modules and environments. Services must ensure alignment with documented business rules, operational policies, and governance standards. Support day‑to‑day administrative requests, configuration changes, access provisioning/deprovisioning, and issue resolution to maintain system integrity, usability, and compliance. Single Sign‑On (SSO) and identity federation support may vary by tool and identity provider and shall be handled in accordance with each platform’s supported authentication model.",False,True,False,False,,False,False,,,,,
,,Release & Deployment Management,"Review, impact assessment of periodic releases, regression testing, resolution of functional, configuration, and integration issues across all modules, configuration documentation updates, deployment support and coordination, environment & sandbox refresh coordination, knowledge transfer. Validation of BI changes.",False,True,False,False,,False,False,,,,,
,,Patch & Maintenance Management,"Continuous monitoring and identification, automation and deployment, patching of instances, and supporting services; regression testing and validation, resolution of issues. Coordination of maintenance windows and environment updates.",False,True,False,False,,False,False,,,,,
,,Performance & Health Monitoring & Optimization,"Proactive checks on automation, scheduled processes, governor limits, dependencies to ensure optimal system stability and performance; recommendations to improve stability and scalability. Tuning queries, improving runtime performance, optimizing data sets, and reducing report execution load.",True,False,False,False,,False,False,,,,,
,,Incident & Error Management,"Triage, troubleshooting, root‑cause analysis, and resolution of report failures, data discrepancies, performance issues and scheduled job errors across modules and related components. As needed, manage SR process with solution provider.",False,True,False,False,,False,False,,,,,
,,Data Model & Subject Area Support,"Assistance with OTBI subject areas, BI Publisher data models, SQL queries, joins, and data mappings.",False,True,False,False,,False,False,,,,,
,,Security & Compliance,"Identify and Access Management (IAM) and role governance, segregation-of-duties reviews, audit support, field‑level security reviews, permission hygiene, network security, security hardening, vulnerability management, and adherence to internal security and compliance standards. Certificate/key rotation as applicable. OAuth/JWT configuration as needed. Comply with MGRC's defined Change Management controls.",False,True,False,False,,False,False,,,,,
,,Scheduled Reporting & Delivery,"Monitoring and managing scheduled reports, bursting logic, delivery channels, and distribution lists.",False,True,False,False,,False,False,,,,,
,,Disaster Recovery & Backup Support,"Risk assessment, establish and support Recovery Time Objectives (RTO) and Recovery Point Objectives (RPO), develop Disaster Recovery Plan (RDP) with procredures, ensure automated backups with comprehensive data capture and secure storage, conduct and support periodic (minimally annually) drill simulations to comply to RTO and RPO.",False,True,False,False,,False,False,,,,,
,,"Development, Enhancement & Optimization","Provide ongoing development, enhancement, and optimization of analytics and business intelligence capabilities, including automation, configuration refinement, reusable reporting assets, and adherence to BI best practices. As directed, services may include designing, enhancing, and maintaining dashboards, KPIs, reports, and data models, and delivering recommendations to improve insight quality, usability, performance, scalability, and operational effectiveness, prioritized against business objectives and delivered through governed, repeatable approaches.",False,True,False,False,,False,False,,,,,
,,Documentation & Knowledge Management,"Preparation, revision and maintenance and knowledge transfer support and management of report catalogs, data dictionaries, SOPs, mapping documentation, configuration logs, runbooks, and knowledge articles for ongoing operations.",False,True,False,False,,False,False,,,,,
,,Collaboration & Governance,"Regular reporting, roadmap alignment, and close coordination with internal IT, business stakeholders, and module owners.",False,True,False,False,,False,False,,,,,
,"Snowflake, Rivery, SplashBI Data Pipeline, Tableau",Administration & Configuration,"Management of Snowflake warehouses, databases, roles, storage, compute scaling, and environment configuration across all analytics platforms.Provide comprehensive administration and configuration services to support stable, secure, and business‑aligned platform operations. This includes user, role, profile, and permission management; permission sets and access governance; page layouts and user interface configurations; declarative automation such as flows and workflows; validation rules; approval processes; and ongoing environment management across all supported modules and environments. Services must ensure alignment with documented business rules, operational policies, and governance standards. Support day‑to‑day administrative requests, configuration changes, access provisioning/deprovisioning, and issue resolution to maintain system integrity, usability, and compliance. Single Sign‑On (SSO) and identity federation support may vary by tool and identity provider and shall be handled in accordance with each platform’s supported authentication model.",False,True,False,False,,False,False,,"Snowflake, Rivery, SplashBI Data Pipeline, Tableau",,,
,,Release & Deployment Management,"Review, impact assessment of periodic releases, regression testing, resolution of functional, configuration, and integration issues across all modules, configuration documentation updates, deployment support and coordination, environment & sandbox refresh coordination, knowledge transfer. Promotion of pipelines, dashboards, and data models across environments with version control and regression testing.",False,True,False,False,,False,False,,,,,
,,Patch & Maintenance Management,"Continuous monitoring and identification, automation and deployment, patching of instances, and supporting services; regression testing and validation, resolution of issues. Coordination of maintenance windows and environment updates.",False,True,False,False,,False,False,,,,,
,,Performance & Health Monitoring & Optimization,"Proactive checks on automation, scheduled processes, governor limits, dependencies to ensure optimal system stability and performance; recommendations to improve stability and scalability. Tuning Snowflake compute usage, query performance, Rivery/SplashBI pipeline efficiency, and Tableau dashboard responsiveness.",True,False,False,False,,False,False,,,,,
,,Data Pipeline Operations,"Monitoring, troubleshooting, and optimization of Rivery and SplashBI pipelines, data ingestion flows, transformations, and scheduled jobs.",False,True,False,False,,False,False,,,,,
,,Reporting & Dashboard Support,"Creation, modification, and maintenance of Tableau dashboards, reports, data sources, and visualizations.",False,True,False,False,,False,False,,,,,
,,Data Model & Subject Area Support,"Snowflake Views, data models, data transformation, SQL queries, joins, and data mappings.",False,True,False,False,,False,False,,,,,
,,Incident & Error Management,"Triage, troubleshooting, root‑cause analysis, and resolution of data load failures, pipeline errors, report refresh issues, data quality discrepancies, performance issues and scheduled job errors across modules and related components. As needed, manage SR process with solution provider.",False,True,False,False,,False,False,,,,,
,,Security & Compliance,"Identify and Access Management (IAM) and role governance, segregation-of-duties reviews, audit support, field‑level security reviews, permission hygiene, network security, security hardening, vulnerability management, and adherence to internal security and compliance standards. Certificate/key rotation as applicable. OAuth/JWT configuration as needed. Comply with MGRC's defined Change Management controls.",False,True,False,False,,False,False,,,,,
,,Data Quality & Validation,"Monitoring data accuracy, reconciliation across systems, and support for data cleansing, transformations, and schema changes.",False,True,False,False,,False,False,,,,,
,,Disaster Recovery & Backup Support,"Risk assessment, establish and support Recovery Time Objectives (RTO) and Recovery Point Objectives (RPO), develop Disaster Recovery Plan (RDP) with procredures, ensure automated backups with comprehensive data capture and secure storage, conduct and support periodic (minimally annually) drill simulations to comply to RTO and RPO.",False,True,False,False,,False,False,,,,,
,,Cost & Capacity Management,"Monitoring Snowflake compute/storage consumption, optimizing warehouse sizing, and recommending cost‑efficient data pipeline and reporting practices.",False,True,False,False,,False,False,,,,,
,,"Snowflake Specific
Cloudbased data warehouse. Support is provided by the Software Vendor. Internal team manages Scalability, DWs, Compute management, data architecture","MSP will provide task-based, collaborative Snowflake support in coordination with the McGrath BI team. Ownership and overall administration of the Snowflake environment remain with the McGrath BI team. MSP support may include development and maintenance of Snowflake code (e.g., SQL, stored procedures, views, and related objects), fine-tuning and optimization of code/performance, and assigned troubleshooting. Work will be performed only on explicitly assigned tasks and deliverables by named MSP resources due to the data and domain knowledge required.",True,False,False,False,,False,False,,,,,
,,"Tableau Specific 
Business Intelligence & Data Visualization.","MSP will provide task-based support for assigned data pipeline development activities in collaboration with the McGrath BI team. This includes fixing or correcting data, as directed, to accommodate successful data loads into the Snowflake data warehouse (DW). Any support beyond the defined scope will require a separate SOW. Once pipelines are built, the MSP will provide after-hours monitoring and operational support through named MSP resources during U.S. night‑time coverage (10:00 p.m. – 7:00 a.m. PT), limited to load monitoring, data correction as needed for DW ingestion, issue identification, and escalation per McGrath-defined procedures. Ownership of the data platform and pipelines remains with the McGrath BI team.",True,False,False,False,,False,False,,,,,
,,"Splash BI Specific
ELT Pipeline Orchestration Tool for Oracle Fusion","MSP will provide task-based support for assigned data pipeline development activities in collaboration with the McGrath BI team. This includes fixing or correcting data, as directed, to accommodate successful data loads into the Snowflake data warehouse (DW). Any support beyond the defined scope will require a separate SOW. Once pipelines are built, the MSP will provide after-hours monitoring and operational support through named MSP resources during U.S. night‑time coverage (10:00 p.m. – 7:00 a.m. PT), limited to load monitoring, data correction as needed for DW ingestion, issue identification, and escalation per McGrath-defined procedures. Ownership of the data platform and pipelines remains with the McGrath BI team.",True,False,False,False,,False,False,,,,,
,,"Rivery Specific 
(ELT Pipeline Orchestration Tool). Support is provided by the Software Vendor. Internal team builds and manages data pipelines.","MSP will provide task-based support for assigned data pipeline development activities in collaboration with the McGrath BI team. This includes fixing or correcting data, as directed, to accommodate successful data loads into the Snowflake data warehouse (DW). Any support beyond the defined scope will require a separate SOW. Once pipelines are built, the MSP will provide after-hours monitoring and operational support through named MSP resources during U.S. night‑time coverage (10:00 p.m. – 7:00 a.m. PT), limited to load monitoring, data correction as needed for DW ingestion, issue identification, and escalation per McGrath-defined procedures. Ownership of the data platform and pipelines remains with the McGrath BI team.",True,False,False,False,,False,False,,,,,
,,Documentation & Knowledge Management,"Preparation, revision and maintenance and knowledge transfer support and management of pipeline documentation, dashboard catalaogs, data dictionaries, SOPs, configuration logs, runbooks, and knowledge articles for ongoing operations.",False,True,False,False,,False,False,,,,,
,,Collaboration & Governance,"Regular reporting, roadmap alignment, and close coordination with internal IT, business stakeholders, and module owners.",False,True,False,False,,False,False,,,,,
,SQL Server (up to 5 SQL Servers and Virtual Servers) / Oracle ATP (up to 7 ATP Databases) including STAR & NextGen,,"24/7 access to Support request system to submit requests and review status of requests, with a named support manager and team",True,False,False,False,False,False,False,,SQL Server (up to 5 SQL Servers and Virtual Servers) / Oracle ATP (up to 7 ATP Databases),,,
,,Administration & Configuration,"Provide comprehensive administration and configuration services to support stable, secure, and business‑aligned platform operations. This includes user, role, profile, and permission management; permission sets and access governance; page layouts and user interface configurations; declarative automation such as flows and workflows; validation rules; approval processes; and ongoing environment management across all supported modules and environments. Services must ensure alignment with documented business rules, operational policies, and governance standards. Support day‑to‑day administrative requests, configuration changes, access provisioning/deprovisioning, and issue resolution to maintain system integrity, usability, and compliance. Single Sign‑On (SSO) and identity federation support may vary by tool and identity provider and shall be handled in accordance with each platform’s supported authentication model.",False,True,False,False,,False,False,,,,,
,,Release & Deployment Management,"Deployment of database code in production. Review, impact assessment of periodic releases, regression testing, resolution of functional, configuration, and integration issues across all modules, configuration documentation updates, deployment support and coordination, environment & sandbox refresh coordination, knowledge transfer.",False,True,False,False,,False,False,,,,,
,,Patch & Maintenance Management,"Planned maintenance activities with proper actions. Continuous monitoring and identification, automation and deployment, patching of instances, and supporting services; regression testing and validation, resolution of issues. Coordination of maintenance windows and environment updates.",True,False,False,False,,False,False,,,,,
,,Security & Compliance,"Database security and hardening requests. Identify and Access Management (IAM) and role governance, segregation-of-duties reviews, audit support, field‑level security reviews, permission hygiene, network security, security hardening, vulnerability management, and adherence to internal security and compliance standards. Certificate/key rotation as applicable. OAuth/JWT configuration as needed. Comply with MGRC's defined Change Management controls.",True,False,False,False,,False,False,,,,,
,,Disaster Recovery & Backup Support,"Risk assessment, establish and support Recovery Time Objectives (RTO) and Recovery Point Objectives (RPO), develop Disaster Recovery Plan (RDP) with procredures, ensure automated backups with comprehensive data capture and secure storage, conduct and support periodic (minimally annually) drill simulations to comply to RTO and RPO.",True,False,False,False,,False,False,,,,,
,,Performance & Health Monitoring & Optimization,"Performance tuning (plan analysis, index creation/adjustment, simple query adjustments). Proactive checks on automation, scheduled processes, governor limits, dependencies to ensure optimal system stability and performance; recommendations to improve stability and scalability. Schema and workload support, and ensuring high availability and data protection in line with Oracle and internal best practices. Simple performance tuning (plan analysis, index creation/adjustment, simple query adjustments). Database Health Reports,  annual report providing Managed Asset health over time and outstanding recommendations and request for Information or query outputs for reporting needs. Monthly reports and checkpoints to include key metric trend review, identifying bottlenecks that affect system performance and provide recommendation to avoid and minimize issues.",False,True,False,False,,False,False,,,,,
,,Incident & Error Management,"Triage, troubleshooting, root‑cause analysis, and resolution of issues.",False,True,False,False,,False,False,,,,,
,,Documentation & Knowledge Management,"Preparation, revision and maintenance and knowledge transfer support and management of  SOPs, configuration logs, runbooks, and knowledge articles for ongoing operations.",False,True,False,False,,False,False,,,,,
,,Collaboration & Governance,"Regular reporting, roadmap alignment, and close coordination with internal IT, business stakeholders, and module owners.",False,True,False,False,,False,False,,,,,
,,Support,"Service: 24/7 - Monitoring and Alerting of Managed Assets, on call support for incident resolution on managed assets",True,False,False,False,,False,False,,,,,
,,Access Management,"Database Access Management : Addition/Deletion of Login/User with mutually agreed chain of approvals, grant database permissions",False,True,False,False,,False,False,,,,,
,,Database Management,"Database backup/restore request, database refresh, database maintaince (job creation, adjustment, index maintenance, status updates)",False,True,False,False,,False,False,,,,,
,,Deployment,"Deployment of database code in production, DDLs & DMLs with mutually agreed chain of approval, database security and hardening requests, planned maintenance activities with proper action plans.",False,True,False,False,,False,False,,,,,
,"Customer Hub
(Customer Self-Service Portal, Custom Application)",Administration & Configuration,"Services must ensure alignment with documented business rules, operational policies, and governance standards. Support day‑to‑day administrative requests, configuration changes, access provisioning/deprovisioning, and issue resolution to maintain system integrity, usability, and compliance. Single Sign‑On (SSO) and identity federation support may vary by tool and identity provider and shall be handled in accordance with each platform’s supported authentication model.",False,True,False,False,False,False,False,,"Customer Hub
(Customer Self-Service Portal, Custom Application)",,,
,,General,"MSP will provide full application and platform support for nopCommerce, including day-to-day operations, performance optimization, and environment management. Given this is a customer-facing, PCI-scoped platform, MSP will be responsible for security hardening, regular vulnerability scanning, patching, and timely remediation of identified risks. Support includes incident management, production issue resolution, upgrades, and ensuring ongoing compliance with PCI and internal security standards.",True,False,False,False,,False,False,,,,,
,,Incident & Error Management,"Triage, troubleshooting, root‑cause analysis, and resolution of functional, configuration, connectivity, data-flow exceptions and API/integration issues across modules and related components.",True,False,False,False,,False,False,,,,,
,,Release & Deployment Management,"Review, impact assessment of periodic releases, regression testing, resolution of functional, configuration, and integration issues across all modules, configuration documentation updates, deployment support and coordination, environment & sandbox refresh coordination, knowledge transfer.",False,True,False,False,,False,False,,,,,
,,Patch & Maintenance Management,"Continuous monitoring and identification, automation and deployment, patching of instances, and supporting services; regression testing and validation, resolution of issues. Coordination of maintenance windows and environment updates.",False,True,False,False,,False,False,,,,,
,,Integration & Connectivity Support,Monitoring and error handling for integrations and other connected systems; coordination with middleware teams for API and data‑flow issues.,False,True,False,False,,False,False,,,,,
,,Performance & Health Monitoring & Optimization,"Proactive checks on automation, scheduled processes, data loads and quality, governor limits, SLA accounting, cross-module dependencies to ensure optimal system stability and performance; recommendations to improve stability and scalability.",False,True,False,False,,False,False,,,,,
,,Security & Compliance,"Identify and Access Management (IAM) and role governance, segregation-of-duties reviews, audit support, field‑level security reviews, permission hygiene, network security, security hardening, vulnerability management, and adherence to internal security and compliance standards. Certificate/key rotation as applicable. OAuth/JWT configuration as needed. Comply with MGRC's defined Change Management controls.",True,False,False,False,,False,False,,,,,
,,"Development, Enhancement & Optimization","Provide ongoing development, enhancement, and optimization to improve technical and business processes across supported platforms, including automation, configuration refinement, support of platform features and custom components, reusable assets, and adherence to best practices. Services also include optimizing analytics, dashboards, KPIs, and reporting, and delivering recommendations to improve usability, efficiency, scalability, and operational effectiveness, prioritized against business objectives and delivered through governed, repeatable approaches.",False,True,False,False,,False,False,,,,,
,,Disaster Recovery & Backup Support,"Risk assessment, establish and support Recovery Time Objectives (RTO) and Recovery Point Objectives (RPO), develop Disaster Recovery Plan (RDP) with procredures, ensure automated backups with comprehensive data capture and secure storage, conduct and support periodic (minimally annually) drill simulations to comply to RTO and RPO.",False,True,False,False,,False,False,,,,,
,,Documentation & Knowledge Management,"Preparation, revision and maintenance and knowledge transfer support and management of SOPs, configuration logs, runbooks, and knowledge articles for ongoing operations.",False,True,False,False,,False,False,,,,,
,,Collaboration & Governance,"Regular reporting, roadmap alignment, and close coordination with internal IT, business stakeholders, and module owners.",False,True,False,False,,False,False,,,,,
,Azure Devops,Administration & Configuration,"Services must ensure alignment with documented business rules, operational policies, and governance standards. Support day‑to‑day administrative requests, configuration changes, access provisioning/deprovisioning, and issue resolution to maintain system integrity, usability, and compliance. Single Sign‑On (SSO) and identity federation support may vary by tool and identity provider and shall be handled in accordance with each platform’s supported authentication model.",False,True,False,False,False,False,False,,Azure Devops,,,
,,General,"MSP will provide management and operational support for Azure environments, including provisioning, monitoring, incident response, patching, backup and disaster recovery, and capacity management during US business hours. MSP will be responsible for implementing and maintaining Azure best practices across security, networking, identity, governance, and high availability, including vulnerability management and compliance with internal security standards. Support also includes continuous cost optimization, performance tuning, automation, and proactive recommendations to improve reliability, scalability, and cloud spend efficiency.MSP will also provide DEVops services for Azure and OCI",False,True,False,False,,False,False,,,,,
,,Incident & Error Management,"Triage, troubleshooting, root‑cause analysis, and resolution of functional, configuration, connectivity, data-flow exceptions across resources and integrations. As needed, manage SR process with solution provider.",False,True,False,False,,False,False,,,,,
,,Release & Deployment Management,-,False,True,False,False,,False,False,,,,,
,,Patch & Maintenance Management,"Continuous monitoring and identification, automation and deployment, patching of instances, and supporting services; regression testing and validation, resolution of issues. Coordination of maintenance windows and environment updates.",False,True,False,False,,False,False,,,,,
,,Integration & Connectivity Support,Monitoring and error handling for integrations and other connected systems; trouble shoot and coordinate connectivity issue resolution.,False,True,False,False,,False,False,,,,,
,,Performance & Health Monitoring & Optimization,"Proactive checks on automation, action groups, compute sizing, autoscale rules to ensure optimal system stability and performance; recommendations to improve stability and scalability.",False,True,False,False,,False,False,,,,,
,,Security & Compliance,"Identify and Access Management (IAM) and role governance, segregation-of-duties reviews, audit support, field‑level security reviews, permission hygiene, network security, security hardening, vulnerability management, and adherence to internal security and compliance standards. Certificate/key rotation as applicable. OAuth/JWT configuration as needed. Comply with MGRC's defined Change Management controls.",False,True,False,False,,False,False,,,,,
,,"Development, Enhancement & Optimization","Provide ongoing development, enhancement, and optimization to improve technical and business processes across supported platforms, including automation, configuration refinement, support of platform features and custom components, reusable assets, and adherence to best practices.",False,False,True,False,,False,False,,,,,
,,Disaster Recovery & Backup Support,"Configure Azure Backup and manage Azure Site Recovery as needed for failover. Risk assessment, establish and support Recovery Time Objectives (RTO) and Recovery Point Objectives (RPO), develop Disaster Recovery Plan (RDP) with procredures, ensure automated backups with comprehensive data capture and secure storage, conduct and support periodic (minimally annually) drill simulations to comply to RTO and RPO.",False,True,False,False,,False,False,,,,,
,,Documentation & Knowledge Management,"Preparation, revision and maintenance and knowledge transfer support and management of SOPs, configuration logs, runbooks, and knowledge articles for ongoing operations.",False,True,False,False,,False,False,,,,,
,,Collaboration & Governance,"Regular reporting, roadmap alignment, and close coordination with internal IT, business stakeholders, and module owners.",False,True,False,False,,False,False,,,,,
